{
	"info": {
		"_postman_id": "80595115-3b82-4325-b541-947512a2d52e",
		"name": "SAMSTRACK_API",
		"schema": "https://schema.getpostman.com/json/collection/v2.1.0/collection.json",
		"_exporter_id": "4468909"
	},
	"item": [
		{
			"name": "Student",
			"item": [
				{
					"name": "add student",
					"request": {
						"method": "POST",
						"header": [],
						"body": {
							"mode": "raw",
							"raw": "{\r\n \"name\":\"student 1\",\r\n \"email\":\"stu1@gmail.com\"\r\n}\r\n",
							"options": {
								"raw": {
									"language": "json"
								}
							}
						},
						"url": {
							"raw": "localhost:8091/student/add-student/",
							"host": [
								"localhost"
							],
							"port": "8091",
							"path": [
								"student",
								"add-student",
								""
							]
						}
					},
					"response": []
				},
				{
					"name": "get all student",
					"request": {
						"method": "GET",
						"header": [],
						"url": {
							"raw": "localhost:8091/student/get-all-students/",
							"host": [
								"localhost"
							],
							"port": "8091",
							"path": [
								"student",
								"get-all-students",
								""
							]
						}
					},
					"response": []
				},
				{
					"name": "get student by id",
					"request": {
						"method": "GET",
						"header": [],
						"url": {
							"raw": "localhost:8091/student/get-student-by-id/2/",
							"host": [
								"localhost"
							],
							"port": "8091",
							"path": [
								"student",
								"get-student-by-id",
								"2",
								""
							]
						}
					},
					"response": []
				},
				{
					"name": "delete student",
					"request": {
						"method": "DELETE",
						"header": [],
						"url": {
							"raw": "localhost:8091/student/delete-student/10/",
							"host": [
								"localhost"
							],
							"port": "8091",
							"path": [
								"student",
								"delete-student",
								"10",
								""
							]
						}
					},
					"response": []
				},
				{
					"name": "update student",
					"request": {
						"method": "PUT",
						"header": [],
						"body": {
							"mode": "raw",
							"raw": "{\r\n    \"id\": 2,\r\n    \"name\": \"student2\",\r\n    \"email\": \"student2@gmail.com\"\r\n}",
							"options": {
								"raw": {
									"language": "json"
								}
							}
						},
						"url": {
							"raw": "localhost:8091/student/update-student/",
							"host": [
								"localhost"
							],
							"port": "8091",
							"path": [
								"student",
								"update-student",
								""
							]
						}
					},
					"response": []
				}
			]
		},
		{
			"name": "Subject",
			"item": [
				{
					"name": "get all subjects",
					"request": {
						"method": "GET",
						"header": [],
						"url": {
							"raw": "localhost:8091/subject/get-all-subjects/",
							"host": [
								"localhost"
							],
							"port": "8091",
							"path": [
								"subject",
								"get-all-subjects",
								""
							]
						}
					},
					"response": []
				},
				{
					"name": "get subject by id",
					"request": {
						"method": "GET",
						"header": [],
						"url": {
							"raw": "localhost:8091/subject/get-subject-by-id/2/",
							"host": [
								"localhost"
							],
							"port": "8091",
							"path": [
								"subject",
								"get-subject-by-id",
								"2",
								""
							]
						}
					},
					"response": []
				},
				{
					"name": "delete subject",
					"request": {
						"method": "DELETE",
						"header": [],
						"url": {
							"raw": "localhost:8091/subject/delete-subject/5",
							"host": [
								"localhost"
							],
							"port": "8091",
							"path": [
								"subject",
								"delete-subject",
								"5"
							]
						}
					},
					"response": []
				},
				{
					"name": "update subject",
					"request": {
						"method": "PUT",
						"header": [],
						"body": {
							"mode": "raw",
							"raw": "{\r\n        \"id\": 1,\r\n        \"name\": \"React\"\r\n        \r\n}",
							"options": {
								"raw": {
									"language": "json"
								}
							}
						},
						"url": {
							"raw": "localhost:8091/subject/update-subject/",
							"host": [
								"localhost"
							],
							"port": "8091",
							"path": [
								"subject",
								"update-subject",
								""
							]
						}
					},
					"response": []
				},
				{
					"name": "add subject",
					"request": {
						"method": "POST",
						"header": [],
						"body": {
							"mode": "raw",
							"raw": "{\r\n    \"name\":\"Java\"\r\n}",
							"options": {
								"raw": {
									"language": "json"
								}
							}
						},
						"url": {
							"raw": "localhost:8091/subject/add-subject/",
							"host": [
								"localhost"
							],
							"port": "8091",
							"path": [
								"subject",
								"add-subject",
								""
							]
						}
					},
					"response": []
				}
			]
		},
		{
			"name": "User",
			"item": [
				{
					"name": "add user",
					"request": {
						"method": "POST",
						"header": [],
						"body": {
							"mode": "raw",
							"raw": "{\r\n  \"username\": \"test\",\r\n  \"password\": \"test123\",\r\n  \"email\": \"test@gmail.com\",\r\n  \"role\": \"faculty\",\r\n  \"firstName\": \"Test\",\r\n  \"lastName\": \"Test\"\r\n}\r\n",
							"options": {
								"raw": {
									"language": "json"
								}
							}
						},
						"url": {
							"raw": "localhost:8091/user/register-user/",
							"host": [
								"localhost"
							],
							"port": "8091",
							"path": [
								"user",
								"register-user",
								""
							]
						}
					},
					"response": []
				},
				{
					"name": "get all users",
					"request": {
						"method": "GET",
						"header": [],
						"url": {
							"raw": "localhost:8091/user/get-all-user/",
							"host": [
								"localhost"
							],
							"port": "8091",
							"path": [
								"user",
								"get-all-user",
								""
							]
						}
					},
					"response": []
				},
				{
					"name": "get user by username",
					"request": {
						"method": "GET",
						"header": [],
						"url": {
							"raw": "localhost:8091/user/get-user-by-username/ram/",
							"host": [
								"localhost"
							],
							"port": "8091",
							"path": [
								"user",
								"get-user-by-username",
								"ram",
								""
							]
						}
					},
					"response": []
				},
				{
					"name": "delete user",
					"request": {
						"method": "DELETE",
						"header": [],
						"url": {
							"raw": "localhost:8091/user/delete-user-by-username?username=kiran",
							"host": [
								"localhost"
							],
							"port": "8091",
							"path": [
								"user",
								"delete-user-by-username"
							],
							"query": [
								{
									"key": "username",
									"value": "kiran"
								}
							]
						}
					},
					"response": []
				},
				{
					"name": "update user",
					"request": {
						"method": "PUT",
						"header": [],
						"body": {
							"mode": "raw",
							"raw": "{\r\n  \"username\": \"sham\",\r\n  \"password\": \"sham1234\",\r\n  \"email\": \"sham@gmail.com\",\r\n  \"role\": \"admin\",\r\n  \"firstName\": \"SHAM\",\r\n  \"lastName\": \"CHADAR\"\r\n}",
							"options": {
								"raw": {
									"language": "json"
								}
							}
						},
						"url": {
							"raw": "localhost:8091/user/update-user/",
							"host": [
								"localhost"
							],
							"port": "8091",
							"path": [
								"user",
								"update-user",
								""
							]
						}
					},
					"response": []
				},
				{
					"name": "login user",
					"request": {
						"method": "POST",
						"header": [],
						"body": {
							"mode": "raw",
							"raw": "{\r\n    \"username\":\"testdff\",\r\n    \"password\":\"test123\"\r\n}",
							"options": {
								"raw": {
									"language": "json"
								}
							}
						},
						"url": {
							"raw": "localhost:8091/user/login-user",
							"host": [
								"localhost"
							],
							"port": "8091",
							"path": [
								"user",
								"login-user"
							]
						}
					},
					"response": []
				},
				{
					"name": "all admin",
					"request": {
						"method": "GET",
						"header": [],
						"url": {
							"raw": "localhost:8091/user/get-all-admin/",
							"host": [
								"localhost"
							],
							"port": "8091",
							"path": [
								"user",
								"get-all-admin",
								""
							]
						}
					},
					"response": []
				},
				{
					"name": "all faculty",
					"request": {
						"method": "GET",
						"header": [],
						"url": {
							"raw": "localhost:8091/user/get-all-faculty/",
							"host": [
								"localhost"
							],
							"port": "8091",
							"path": [
								"user",
								"get-all-faculty",
								""
							]
						}
					},
					"response": []
				}
			]
		},
		{
			"name": "Attendance",
			"item": [
				{
					"name": "take attendance",
					"request": {
						"method": "POST",
						"header": [],
						"body": {
							"mode": "raw",
							"raw": "{\r\n    \"username\": \"sham\",\r\n    \"subjectId\": 1,\r\n    \"date\": \"2025-05-05\",\r\n    \"time\": \"07:00:00 PM\",\r\n    \"students\": [\r\n        {\r\n            \"id\": 1\r\n        }\r\n    ]\r\n}",
							"options": {
								"raw": {
									"language": "json"
								}
							}
						},
						"url": {
							"raw": "localhost:8091/attendance/take-attendance/",
							"host": [
								"localhost"
							],
							"port": "8091",
							"path": [
								"attendance",
								"take-attendance",
								""
							]
						}
					},
					"response": []
				},
				{
					"name": "all attendance records",
					"request": {
						"method": "GET",
						"header": [],
						"url": {
							"raw": "localhost:8091/attendance/get-all-attendance-records/",
							"host": [
								"localhost"
							],
							"port": "8091",
							"path": [
								"attendance",
								"get-all-attendance-records",
								""
							]
						}
					},
					"response": []
				},
				{
					"name": "get by subject date",
					"request": {
						"method": "GET",
						"header": [],
						"url": {
							"raw": "localhost:8091/attendance/get-attendance-by-date-subject/2025-08-05/1/",
							"host": [
								"localhost"
							],
							"port": "8091",
							"path": [
								"attendance",
								"get-attendance-by-date-subject",
								"2025-08-05",
								"1",
								""
							]
						}
					},
					"response": []
				},
				{
					"name": "attendance by faculty",
					"request": {
						"method": "GET",
						"header": [],
						"url": {
							"raw": "localhost:8091/attendance/get-attendance-by-faculty/sham/",
							"host": [
								"localhost"
							],
							"port": "8091",
							"path": [
								"attendance",
								"get-attendance-by-faculty",
								"sham",
								""
							]
						}
					},
					"response": []
				},
				{
					"name": "by user,subject,date",
					"protocolProfileBehavior": {
						"disableBodyPruning": true
					},
					"request": {
						"method": "GET",
						"header": [],
						"body": {
							"mode": "raw",
							"raw": "{\r\n    \"username\": \"sham\",\r\n    \"subjectId\": 1,\r\n    \"date\": \"2025-05-05\",\r\n    \"time\": \"07:00:00 PM\",\r\n    \"students\": [\r\n        {\r\n            \"id\": 1\r\n        },\r\n        {\r\n            \"id\": 3\r\n        },\r\n        {\r\n            \"id\": 4\r\n        },\r\n        {\r\n            \"id\": 6\r\n        },\r\n        {\r\n          \"id\": 8  \r\n        }\r\n    ]\r\n}"
						},
						"url": {
							"raw": "localhost:8091/attendance/get-attendance/sham/1/2025-08-05",
							"host": [
								"localhost"
							],
							"port": "8091",
							"path": [
								"attendance",
								"get-attendance",
								"sham",
								"1",
								"2025-08-05"
							]
						}
					},
					"response": []
				}
			]
		}
	]
}